route,source,composition,cms_kind,admin_modules,ui_data_source,route_policy
/5-yeu-to-cai-thien-trai-nghiem-nguoi-dung-ux/,5-yeu-to-cai-thien-trai-nghiem-nguoi-dung-ux/index.html,post-detail,collection,posts;postCategories;authors;media,typed local mock via async queries,entity slug with reserved-path validation
/ban-hang-online-gi-hieu-qua-chi-voi-10-trieu/,ban-hang-online-gi-hieu-qua-chi-voi-10-trieu/index.html,post-detail,collection,posts;postCategories;authors;media,typed local mock via async queries,entity slug with reserved-path validation
/cach-ban-hang-da-kenh-hieu-qua/,cach-ban-hang-da-kenh-hieu-qua/index.html,post-detail,collection,posts;postCategories;authors;media,typed local mock via async queries,entity slug with reserved-path validation
/cai-thien-trai-nghiem-cua-khach-hang-qua-nhung-diem-cham-tinh-te/,cai-thien-trai-nghiem-cua-khach-hang-qua-nhung-diem-cham-tinh-te/index.html,post-detail,collection,posts;postCategories;authors;media,typed local mock via async queries,entity slug with reserved-path validation
/cau-hoi-thuong-gap/,cau-hoi-thuong-gap/index.html,faq,structured-page,faq;faqTopics,typed local mock via async queries,stable predefined URL
/chinh-sach-bao-hanh/,chinh-sach-bao-hanh/index.html,content,structured-page,legalPages,typed local mock via async queries,stable predefined URL
/chinh-sach-bao-mat/,chinh-sach-bao-mat/index.html,content,structured-page,legalPages,typed local mock via async queries,stable predefined URL
/chinh-sach-hoan-tien/,chinh-sach-hoan-tien/index.html,content,structured-page,legalPages,typed local mock via async queries,stable predefined URL
/creative-branding/,creative-branding/index.html,blog,derived-listing,posts;postCategories;listingSettings,typed local mock via async queries,existing listing/category/page URLs
/dieu-khoan-su-dung/,dieu-khoan-su-dung/index.html,content,structured-page,legalPages,typed local mock via async queries,stable predefined URL
/du-an/,du-an/index.html,projects,derived-listing,projects;projectCategories;listingSettings,typed local mock via async queries,existing listing/category/page URLs
/e-mail-doanh-nghiep/,e-mail-doanh-nghiep/index.html,email,structured-page,services;pricing;faq;projects;testimonials;media,typed local mock via async queries,stable predefined URL
/en/about-us/,en/about-us/index.html,about,structured-page,pages.about;stats;partners;testimonials,typed local mock via async queries,stable predefined URL
/en/app-mobile-development/,en/app-mobile-development/index.html,mobile,structured-page,services;pricing;faq;projects;testimonials;media,typed local mock via async queries,stable predefined URL
/en/business-e-mail/,en/business-e-mail/index.html,email,structured-page,services;pricing;faq;projects;testimonials;media,typed local mock via async queries,stable predefined URL
/en/business-hosting/,en/business-hosting/index.html,hosting,structured-page,services;pricing;faq;projects;testimonials;media,typed local mock via async queries,stable predefined URL
/en/business-vps/,en/business-vps/index.html,vps,structured-page,services;pricing;faq;projects;testimonials;media,typed local mock via async queries,stable predefined URL
/en/contact-us/,en/contact-us/index.html,contact,structured-page,siteSettings;pages.contact;services,typed local mock via async queries,stable predefined URL
/en/digital-communications-solutions/,en/digital-communications-solutions/index.html,EXCLUDED,excluded,,none,excluded
/en/faq/,en/faq/index.html,faq,structured-page,faq;faqTopics,typed local mock via async queries,stable predefined URL
/en/home/,en/home/index.html,home,structured-page,pages.home;collections;stats;services;projects;partners;testimonials;posts,typed local mock via async queries,stable predefined URL
/en/insight/,en/insight/index.html,blog,derived-listing,posts;postCategories;listingSettings,typed local mock via async queries,existing listing/category/page URLs
/en/our-project/,en/our-project/index.html,projects,derived-listing,projects;projectCategories;listingSettings,typed local mock via async queries,existing listing/category/page URLs
/en/payment-guide/,en/payment-guide/index.html,content,structured-page,legalPages,typed local mock via async queries,stable predefined URL
/en/porfolio-eras-vietnam/,en/porfolio-eras-vietnam/index.html,profile,structured-page,companyProfiles;media,typed local mock via async queries,stable predefined URL
/en/privacy-policy/,en/privacy-policy/index.html,content,structured-page,legalPages,typed local mock via async queries,stable predefined URL
/en/refund-policy/,en/refund-policy/index.html,content,structured-page,legalPages,typed local mock via async queries,stable predefined URL
/en/storage-solution/,en/storage-solution/index.html,storage,structured-page,services;pricing;faq;projects;testimonials;media,typed local mock via async queries,stable predefined URL
/en/terms-of-use/,en/terms-of-use/index.html,content,structured-page,legalPages,typed local mock via async queries,stable predefined URL
/en/tuyen-dung/content-marketing-intern/,en/tuyen-dung/content-marketing-intern/index.html,EXCLUDED,excluded,,none,excluded
/en/tuyen-dung/,en/tuyen-dung/index.html,EXCLUDED,excluded,,none,excluded
/en/tuyen-dung/marketing-advertising-specialist/,en/tuyen-dung/marketing-advertising-specialist/index.html,EXCLUDED,excluded,,none,excluded
/en/tuyen-dung/php-developer-intern/,en/tuyen-dung/php-developer-intern/index.html,EXCLUDED,excluded,,none,excluded
/en/tuyen-dung/php-software-engineer/,en/tuyen-dung/php-software-engineer/index.html,EXCLUDED,excluded,,none,excluded
/en/tuyen-dung/sales-executive/,en/tuyen-dung/sales-executive/index.html,EXCLUDED,excluded,,none,excluded
/en/tuyen-dung/videographer-video-editor/,en/tuyen-dung/videographer-video-editor/index.html,EXCLUDED,excluded,,none,excluded
/en/ui-ux-branding-design-2/,en/ui-ux-branding-design-2/index.html,branding,structured-page,services;pricing;faq;projects;testimonials;media,typed local mock via async queries,stable predefined URL
/en/warranty-policy/,en/warranty-policy/index.html,content,structured-page,legalPages,typed local mock via async queries,stable predefined URL
/en/website-development/,en/website-development/index.html,website,structured-page,services;pricing;faq;projects;testimonials;media,typed local mock via async queries,stable predefined URL
/en/website-keyword-seo/,en/website-keyword-seo/index.html,seo,structured-page,services;pricing;faq;projects;testimonials;media,typed local mock via async queries,stable predefined URL
/eras-xin-chan-thanh-cam-on-quy-khach/,eras-xin-chan-thanh-cam-on-quy-khach/index.html,thank-you,utility,,local UI copy,utility
/featured_item/an-phat-cong-ty-co-phan-cong-nghe-thuong-mai-an-phat/,featured_item/an-phat-cong-ty-co-phan-cong-nghe-thuong-mai-an-phat/index.html,project-detail,collection,projects;projectCategories;media,typed local mock via async queries,entity slug with reserved-path validation
/featured_item/an-phu-decor-kien-tao-giac-mo/,featured_item/an-phu-decor-kien-tao-giac-mo/index.html,project-detail,collection,projects;projectCategories;media,typed local mock via async queries,entity slug with reserved-path validation
/featured_item/applesmile-cua-hang-san-pham-apple-chinh-hang/,featured_item/applesmile-cua-hang-san-pham-apple-chinh-hang/index.html,project-detail,collection,projects;projectCategories;media,typed local mock via async queries,entity slug with reserved-path validation
/featured_item/aya-spa-beauty-cong-ty-co-phan-go-do/,featured_item/aya-spa-beauty-cong-ty-co-phan-go-do/index.html,project-detail,collection,projects;projectCategories;media,typed local mock via async queries,entity slug with reserved-path validation
/featured_item/banh-nuong-an-vat-co-ti/,featured_item/banh-nuong-an-vat-co-ti/index.html,project-detail,collection,projects;projectCategories;media,typed local mock via async queries,entity slug with reserved-path validation
/featured_item/beework-cong-ty-tnhh-beework-viet-nam/,featured_item/beework-cong-ty-tnhh-beework-viet-nam/index.html,project-detail,collection,projects;projectCategories;media,typed local mock via async queries,entity slug with reserved-path validation
/featured_item/binh-phat-cong-ty-tnhh-may-xay-dung-binh-phat/,featured_item/binh-phat-cong-ty-tnhh-may-xay-dung-binh-phat/index.html,project-detail,collection,projects;projectCategories;media,typed local mock via async queries,entity slug with reserved-path validation
/featured_item/bossman-cong-ty-co-phan-bossman-viet-nam/,featured_item/bossman-cong-ty-co-phan-bossman-viet-nam/index.html,project-detail,collection,projects;projectCategories;media,typed local mock via async queries,entity slug with reserved-path validation
/featured_item/centro-noi-that-cao-cap-centro-chau-au/,featured_item/centro-noi-that-cao-cap-centro-chau-au/index.html,project-detail,collection,projects;projectCategories;media,typed local mock via async queries,entity slug with reserved-path validation
/featured_item/cinvico-lean-pro-cong-ty-co-phan-hop-tac-dau-tu-cong-nghe-cinvico/,featured_item/cinvico-lean-pro-cong-ty-co-phan-hop-tac-dau-tu-cong-nghe-cinvico/index.html,project-detail,collection,projects;projectCategories;media,typed local mock via async queries,entity slug with reserved-path validation
/featured_item/cong-ty-co-phan-kien-truc-va-xay-dung-gt-house/,featured_item/cong-ty-co-phan-kien-truc-va-xay-dung-gt-house/index.html,project-detail,collection,projects;projectCategories;media,typed local mock via async queries,entity slug with reserved-path validation
/featured_item/cong-ty-co-phan-phat-trien-cong-nghe-thp/,featured_item/cong-ty-co-phan-phat-trien-cong-nghe-thp/index.html,project-detail,collection,projects;projectCategories;media,typed local mock via async queries,entity slug with reserved-path validation
/featured_item/cong-ty-co-phan-square-orange/,featured_item/cong-ty-co-phan-square-orange/index.html,project-detail,collection,projects;projectCategories;media,typed local mock via async queries,entity slug with reserved-path validation
/featured_item/cong-ty-cp-cong-nghe-an-ninh-mang-quoc-gia-viet-nam/,featured_item/cong-ty-cp-cong-nghe-an-ninh-mang-quoc-gia-viet-nam/index.html,project-detail,collection,projects;projectCategories;media,typed local mock via async queries,entity slug with reserved-path validation
/featured_item/cong-ty-cp-dau-tu-xay-dung-vina2/,featured_item/cong-ty-cp-dau-tu-xay-dung-vina2/index.html,project-detail,collection,projects;projectCategories;media,typed local mock via async queries,entity slug with reserved-path validation
/featured_item/cong-ty-cp-du-lich-thuong-mai-khung-troi-viet/,featured_item/cong-ty-cp-du-lich-thuong-mai-khung-troi-viet/index.html,project-detail,collection,projects;projectCategories;media,typed local mock via async queries,entity slug with reserved-path validation
/featured_item/cong-ty-luat-legal-art/,featured_item/cong-ty-luat-legal-art/index.html,project-detail,collection,projects;projectCategories;media,typed local mock via async queries,entity slug with reserved-path validation
/featured_item/cong-ty-tnhh-konnertec-viet-nam/,featured_item/cong-ty-tnhh-konnertec-viet-nam/index.html,project-detail,collection,projects;projectCategories;media,typed local mock via async queries,entity slug with reserved-path validation
/featured_item/cong-ty-tnhh-nha-khoa-viva-dental/,featured_item/cong-ty-tnhh-nha-khoa-viva-dental/index.html,project-detail,collection,projects;projectCategories;media,typed local mock via async queries,entity slug with reserved-path validation
/featured_item/cong-ty-tnhh-son-nero-thuong-hieu-modena/,featured_item/cong-ty-tnhh-son-nero-thuong-hieu-modena/index.html,project-detail,collection,projects;projectCategories;media,typed local mock via async queries,entity slug with reserved-path validation
/featured_item/drnhanh-cong-ty-tnhh-tu-van-giao-duc-dr-nhanh/,featured_item/drnhanh-cong-ty-tnhh-tu-van-giao-duc-dr-nhanh/index.html,project-detail,collection,projects;projectCategories;media,typed local mock via async queries,entity slug with reserved-path validation
/featured_item/dwatch-luxury-dong-ho-thuy-sy/,featured_item/dwatch-luxury-dong-ho-thuy-sy/index.html,project-detail,collection,projects;projectCategories;media,typed local mock via async queries,entity slug with reserved-path validation
/featured_item/evc-athena-cong-ty-tnhh-evc-athena/,featured_item/evc-athena-cong-ty-tnhh-evc-athena/index.html,project-detail,collection,projects;projectCategories;media,typed local mock via async queries,entity slug with reserved-path validation
/featured_item/flexius-cong-ty-co-phan-the-gioi-bang/,featured_item/flexius-cong-ty-co-phan-the-gioi-bang/index.html,project-detail,collection,projects;projectCategories;media,typed local mock via async queries,entity slug with reserved-path validation
/featured_item/forex-robot-automated-trading-robots/,featured_item/forex-robot-automated-trading-robots/index.html,project-detail,collection,projects;projectCategories;media,typed local mock via async queries,entity slug with reserved-path validation
/featured_item/giang-lam-dung-cu-co-khi/,featured_item/giang-lam-dung-cu-co-khi/index.html,project-detail,collection,projects;projectCategories;media,typed local mock via async queries,entity slug with reserved-path validation
/featured_item/giao-dien-dsmart-giai-phap-dieu-khien-xe-hoi-tren-smartphone/,featured_item/giao-dien-dsmart-giai-phap-dieu-khien-xe-hoi-tren-smartphone/index.html,project-detail,collection,projects;projectCategories;media,typed local mock via async queries,entity slug with reserved-path validation
/featured_item/hoang-gia-cong-ty-cp-xay-dung-va-noi-that-hoang-gia/,featured_item/hoang-gia-cong-ty-cp-xay-dung-va-noi-that-hoang-gia/index.html,project-detail,collection,projects;projectCategories;media,typed local mock via async queries,entity slug with reserved-path validation
/featured_item/hoanglan-logistics-don-vi-van-chuyen-hang-trung-viet-hang-dau-viet-nam/,featured_item/hoanglan-logistics-don-vi-van-chuyen-hang-trung-viet-hang-dau-viet-nam/index.html,project-detail,collection,projects;projectCategories;media,typed local mock via async queries,entity slug with reserved-path validation
/featured_item/hop-hao-huc-cong-ty-tnhh-mam-nho/,featured_item/hop-hao-huc-cong-ty-tnhh-mam-nho/index.html,project-detail,collection,projects;projectCategories;media,typed local mock via async queries,entity slug with reserved-path validation
/featured_item/hrzone-kien-tao-cong-dong-nhan-su-quoc-te/,featured_item/hrzone-kien-tao-cong-dong-nhan-su-quoc-te/index.html,project-detail,collection,projects;projectCategories;media,typed local mock via async queries,entity slug with reserved-path validation
/featured_item/hung-an-group-dich-vu-cung-ung-nhan-luc-uy-tin-nhat/,featured_item/hung-an-group-dich-vu-cung-ung-nhan-luc-uy-tin-nhat/index.html,project-detail,collection,projects;projectCategories;media,typed local mock via async queries,entity slug with reserved-path validation
/featured_item/ichi-japan-xuat-khau-lao-dong-nhat-ban-luong-cao-chi-phi-thap/,featured_item/ichi-japan-xuat-khau-lao-dong-nhat-ban-luong-cao-chi-phi-thap/index.html,project-detail,collection,projects;projectCategories;media,typed local mock via async queries,entity slug with reserved-path validation
/featured_item/,featured_item/index.html,projects,derived-listing,projects;projectCategories;listingSettings,typed local mock via async queries,existing listing/category/page URLs
/featured_item/iphone-hd-iphone-trong-tam-tay/,featured_item/iphone-hd-iphone-trong-tam-tay/index.html,project-detail,collection,projects;projectCategories;media,typed local mock via async queries,entity slug with reserved-path validation
/featured_item/lien-doan-thuong-mai-va-cong-nghiep-viet-nam-tai-da-nang-vcci-da-nang/,featured_item/lien-doan-thuong-mai-va-cong-nghiep-viet-nam-tai-da-nang-vcci-da-nang/index.html,project-detail,collection,projects;projectCategories;media,typed local mock via async queries,entity slug with reserved-path validation
/featured_item/moonstore-thoi-trang-cong-so-moonstore/,featured_item/moonstore-thoi-trang-cong-so-moonstore/index.html,project-detail,collection,projects;projectCategories;media,typed local mock via async queries,entity slug with reserved-path validation
/featured_item/muagiday-san-thuong-mai-dien-tu-xuyen-bien-gioi-hang-dau-viet-nam/,featured_item/muagiday-san-thuong-mai-dien-tu-xuyen-bien-gioi-hang-dau-viet-nam/index.html,project-detail,collection,projects;projectCategories;media,typed local mock via async queries,entity slug with reserved-path validation
/featured_item/nha-khoa-tham-my-quoc-te-viet-phap/,featured_item/nha-khoa-tham-my-quoc-te-viet-phap/index.html,project-detail,collection,projects;projectCategories;media,typed local mock via async queries,entity slug with reserved-path validation
/featured_item/nha-khoa-viet-phap-he-thong-chuoi-nha-khoa-tieu-chuan-phap-dau-tien-tai-viet-nam/,featured_item/nha-khoa-viet-phap-he-thong-chuoi-nha-khoa-tieu-chuan-phap-dau-tien-tai-viet-nam/index.html,project-detail,collection,projects;projectCategories;media,typed local mock via async queries,entity slug with reserved-path validation
/featured_item/nha-khoa-viva-dental-he-thong-chuoi-nha-khoa-tieu-chuan-my-dau-tien-tai-viet-nam/,featured_item/nha-khoa-viva-dental-he-thong-chuoi-nha-khoa-tieu-chuan-my-dau-tien-tai-viet-nam/index.html,project-detail,collection,projects;projectCategories;media,typed local mock via async queries,entity slug with reserved-path validation
/featured_item/nhamoi-architechture-kien-truc-dep-cho-moi-nha/,featured_item/nhamoi-architechture-kien-truc-dep-cho-moi-nha/index.html,project-detail,collection,projects;projectCategories;media,typed local mock via async queries,entity slug with reserved-path validation
/featured_item/nikico-cong-ty-tnhh-nihon-kizai/,featured_item/nikico-cong-ty-tnhh-nihon-kizai/index.html,project-detail,collection,projects;projectCategories;media,typed local mock via async queries,entity slug with reserved-path validation
/featured_item/novopharm-tan-tam-cho-su-sang-tao-chat-luong/,featured_item/novopharm-tan-tam-cho-su-sang-tao-chat-luong/index.html,project-detail,collection,projects;projectCategories;media,typed local mock via async queries,entity slug with reserved-path validation
/featured_item/nutrition-fitness-cong-ty-co-phan-nutrition-fitness/,featured_item/nutrition-fitness-cong-ty-co-phan-nutrition-fitness/index.html,project-detail,collection,projects;projectCategories;media,typed local mock via async queries,entity slug with reserved-path validation
/featured_item/pa-marketing-don-vi-dao-tao-hang-dau-ve-marketing/,featured_item/pa-marketing-don-vi-dao-tao-hang-dau-ve-marketing/index.html,project-detail,collection,projects;projectCategories;media,typed local mock via async queries,entity slug with reserved-path validation
/featured_item/pa-store-cong-ty-tnhh-pa-marketing/,featured_item/pa-store-cong-ty-tnhh-pa-marketing/index.html,project-detail,collection,projects;projectCategories;media,typed local mock via async queries,entity slug with reserved-path validation
/featured_item/pink-nail-spa-beauty/,featured_item/pink-nail-spa-beauty/index.html,project-detail,collection,projects;projectCategories;media,typed local mock via async queries,entity slug with reserved-path validation
/featured_item/ppmvn-cong-ty-tnhh-quan-ly-tai-san-premier-viet-nam/,featured_item/ppmvn-cong-ty-tnhh-quan-ly-tai-san-premier-viet-nam/index.html,project-detail,collection,projects;projectCategories;media,typed local mock via async queries,entity slug with reserved-path validation
/featured_item/pro-car-parts-viet-nam-phan-phoi-phu-tung-bao-duong-gam-o-to/,featured_item/pro-car-parts-viet-nam-phan-phoi-phu-tung-bao-duong-gam-o-to/index.html,project-detail,collection,projects;projectCategories;media,typed local mock via async queries,entity slug with reserved-path validation
/featured_item/sencom-home-decor-lighting-design/,featured_item/sencom-home-decor-lighting-design/index.html,project-detail,collection,projects;projectCategories;media,typed local mock via async queries,entity slug with reserved-path validation
/featured_item/so-y-te-benh-vien-mat-ha-giang/,featured_item/so-y-te-benh-vien-mat-ha-giang/index.html,project-detail,collection,projects;projectCategories;media,typed local mock via async queries,entity slug with reserved-path validation
/featured_item/stormick-cong-ty-tnhh-storm-entertaiment/,featured_item/stormick-cong-ty-tnhh-storm-entertaiment/index.html,project-detail,collection,projects;projectCategories;media,typed local mock via async queries,entity slug with reserved-path validation
/featured_item/sua-tivi-chuyen-nghiep-dich-vu-sua-chua-tivi-thiet-bi-am-thanh-chinh-hang/,featured_item/sua-tivi-chuyen-nghiep-dich-vu-sua-chua-tivi-thiet-bi-am-thanh-chinh-hang/index.html,project-detail,collection,projects;projectCategories;media,typed local mock via async queries,entity slug with reserved-path validation
/featured_item/tengroup-all-for-the-best/,featured_item/tengroup-all-for-the-best/index.html,project-detail,collection,projects;projectCategories;media,typed local mock via async queries,entity slug with reserved-path validation
/featured_item/tintuc365-cong-ty-co-phan-truyen-thong-thuong-mai-viet/,featured_item/tintuc365-cong-ty-co-phan-truyen-thong-thuong-mai-viet/index.html,project-detail,collection,projects;projectCategories;media,typed local mock via async queries,entity slug with reserved-path validation
/featured_item/trangmoon-shop-cay-canh-de-ban-hop-phong-thuy/,featured_item/trangmoon-shop-cay-canh-de-ban-hop-phong-thuy/index.html,project-detail,collection,projects;projectCategories;media,typed local mock via async queries,entity slug with reserved-path validation
/featured_item/truong-trung-hoc-pho-thong-huynh-thuc-khang/,featured_item/truong-trung-hoc-pho-thong-huynh-thuc-khang/index.html,project-detail,collection,projects;projectCategories;media,typed local mock via async queries,entity slug with reserved-path validation
/featured_item/viet-tht-production-cong-ty-co-phan-viet-tht/,featured_item/viet-tht-production-cong-ty-co-phan-viet-tht/index.html,project-detail,collection,projects;projectCategories;media,typed local mock via async queries,entity slug with reserved-path validation
/featured_item/weha-dua-cong-nghe-gan-gui-hon-voi-doi-song/,featured_item/weha-dua-cong-nghe-gan-gui-hon-voi-doi-song/index.html,project-detail,collection,projects;projectCategories;media,typed local mock via async queries,entity slug with reserved-path validation
/featured_item/wewell-cong-ty-co-phan-duoc-lieu-va-thuc-pham-viet-nam/,featured_item/wewell-cong-ty-co-phan-duoc-lieu-va-thuc-pham-viet-nam/index.html,project-detail,collection,projects;projectCategories;media,typed local mock via async queries,entity slug with reserved-path validation
/featured_item/wisdomland-international-preschool/,featured_item/wisdomland-international-preschool/index.html,project-detail,collection,projects;projectCategories;media,typed local mock via async queries,entity slug with reserved-path validation
/featured_item/xanhthienthanh-cong-ty-co-phan-dau-tu-va-phat-trien-xanh-thien-thanh/,featured_item/xanhthienthanh-cong-ty-co-phan-dau-tu-va-phat-trien-xanh-thien-thanh/index.html,project-detail,collection,projects;projectCategories;media,typed local mock via async queries,entity slug with reserved-path validation
/featured_item_category/branding/,featured_item_category/branding/index.html,projects,derived-listing,projects;projectCategories;listingSettings,typed local mock via async queries,existing listing/category/page URLs
/featured_item_category/mobile-app/,featured_item_category/mobile-app/index.html,projects,derived-listing,projects;projectCategories;listingSettings,typed local mock via async queries,existing listing/category/page URLs
/featured_item_category/website/,featured_item_category/website/index.html,projects,derived-listing,projects;projectCategories;listingSettings,typed local mock via async queries,existing listing/category/page URLs
/giai-phap-ban-hang-online-tong-the-2021/,giai-phap-ban-hang-online-tong-the-2021/index.html,post-detail,collection,posts;postCategories;authors;media,typed local mock via async queries,entity slug with reserved-path validation
/giai-phap-luu-tru/,giai-phap-luu-tru/index.html,storage,structured-page,services;pricing;faq;projects;testimonials;media,typed local mock via async queries,stable predefined URL
/giai-phap-truyen-thong-so/,giai-phap-truyen-thong-so/index.html,EXCLUDED,excluded,,none,excluded
/gioi-thieu/,gioi-thieu/index.html,about,structured-page,pages.about;stats;partners;testimonials,typed local mock via async queries,stable predefined URL
/goc-nhin/,goc-nhin/index.html,blog,derived-listing,posts;postCategories;listingSettings,typed local mock via async queries,existing listing/category/page URLs
/goc-nhin/page/2/,goc-nhin/page/2/index.html,blog,derived-listing,posts;postCategories;listingSettings,typed local mock via async queries,existing listing/category/page URLs
/goc-nhin/page/3/,goc-nhin/page/3/index.html,blog,derived-listing,posts;postCategories;listingSettings,typed local mock via async queries,existing listing/category/page URLs
/goc-nhin/page/4/,goc-nhin/page/4/index.html,blog,derived-listing,posts;postCategories;listingSettings,typed local mock via async queries,existing listing/category/page URLs
/goc-nhin/page/5/,goc-nhin/page/5/index.html,blog,derived-listing,posts;postCategories;listingSettings,typed local mock via async queries,existing listing/category/page URLs
/goc-nhin-website/,goc-nhin-website/index.html,blog,derived-listing,posts;postCategories;listingSettings,typed local mock via async queries,existing listing/category/page URLs
/hieu-dung-insights-khach-hang-trong-hanh-trinh-mua-hang-tren-social-media/,hieu-dung-insights-khach-hang-trong-hanh-trinh-mua-hang-tren-social-media/index.html,post-detail,collection,posts;postCategories;authors;media,typed local mock via async queries,entity slug with reserved-path validation
/hieu-tu-a-z-ve-thiet-ke-website-responsive/,hieu-tu-a-z-ve-thiet-ke-website-responsive/index.html,post-detail,collection,posts;postCategories;authors;media,typed local mock via async queries,entity slug with reserved-path validation
/ho-so-nang-luc-eras-vietnam/,ho-so-nang-luc-eras-vietnam/index.html,profile,structured-page,companyProfiles;media,typed local mock via async queries,stable predefined URL
/hosting-doanh-nghiep/,hosting-doanh-nghiep/index.html,hosting,structured-page,services;pricing;faq;projects;testimonials;media,typed local mock via async queries,stable predefined URL
/huong-dan-cach-backup-website-wordpress-chi-tiet-nhat/,huong-dan-cach-backup-website-wordpress-chi-tiet-nhat/index.html,post-detail,collection,posts;postCategories;authors;media,typed local mock via async queries,entity slug with reserved-path validation
/huong-dan-cach-tao-bai-viet-trong-wordpress-don-gian-nhat/,huong-dan-cach-tao-bai-viet-trong-wordpress-don-gian-nhat/index.html,post-detail,collection,posts;postCategories;authors;media,typed local mock via async queries,entity slug with reserved-path validation
/huong-dan-thanh-toan/,huong-dan-thanh-toan/index.html,content,structured-page,legalPages,typed local mock via async queries,stable predefined URL
/huong-dan-viet-bai-chuan-seo-2021/,huong-dan-viet-bai-chuan-seo-2021/index.html,post-detail,collection,posts;postCategories;authors;media,typed local mock via async queries,entity slug with reserved-path validation
/huong-dan-xoa-cache-trinh-duyet-va-may-tinh/,huong-dan-xoa-cache-trinh-duyet-va-may-tinh/index.html,post-detail,collection,posts;postCategories;authors;media,typed local mock via async queries,entity slug with reserved-path validation
/,index.html,home,structured-page,pages.home;collections;stats;services;projects;partners;testimonials;posts,typed local mock via async queries,stable predefined URL
/kich-thuoc-anh-chuan-tren-website-giup-nang-cao-hieu-qua-seo/,kich-thuoc-anh-chuan-tren-website-giup-nang-cao-hieu-qua-seo/index.html,post-detail,collection,posts;postCategories;authors;media,typed local mock via async queries,entity slug with reserved-path validation
/kinh-doanh-nho-le-co-nen-xay-dung-website-ban-hang/,kinh-doanh-nho-le-co-nen-xay-dung-website-ban-hang/index.html,post-detail,collection,posts;postCategories;authors;media,typed local mock via async queries,entity slug with reserved-path validation
/kinh-doanh-thoi-trang-online-nen-co-website-hay-khong/,kinh-doanh-thoi-trang-online-nen-co-website-hay-khong/index.html,post-detail,collection,posts;postCategories;authors;media,typed local mock via async queries,entity slug with reserved-path validation
/kinh-nghiem-tao-website-de-ban-hang-online/,kinh-nghiem-tao-website-de-ban-hang-online/index.html,post-detail,collection,posts;postCategories;authors;media,typed local mock via async queries,entity slug with reserved-path validation
/lien-he/,lien-he/index.html,contact,structured-page,siteSettings;pages.contact;services,typed local mock via async queries,stable predefined URL
/phat-trien-ung-dung-di-dong-cho-doanh-nghiep-huong-dan-chi-tiet/,phat-trien-ung-dung-di-dong-cho-doanh-nghiep-huong-dan-chi-tiet/index.html,post-detail,collection,posts;postCategories;authors;media,typed local mock via async queries,entity slug with reserved-path validation
/phuong-phap-dinh-vi-thuong-hieu-co-ban-mo-rong/,phuong-phap-dinh-vi-thuong-hieu-co-ban-mo-rong/index.html,post-detail,collection,posts;postCategories;authors;media,typed local mock via async queries,entity slug with reserved-path validation
/sample-page/,sample-page/index.html,sample,utility,,local UI copy,utility
/seo-tu-khoa-website/,seo-tu-khoa-website/index.html,seo,structured-page,services;pricing;faq;projects;testimonials;media,typed local mock via async queries,stable predefined URL
/social-marketing/,social-marketing/index.html,blog,derived-listing,posts;postCategories;listingSettings,typed local mock via async queries,existing listing/category/page URLs
/social-marketing/page/2/,social-marketing/page/2/index.html,blog,derived-listing,posts;postCategories;listingSettings,typed local mock via async queries,existing listing/category/page URLs
/su-thuan-tien-chi-phoi-quyet-dinh-mua-hang-cua-nguoi-tieu-dung/,su-thuan-tien-chi-phoi-quyet-dinh-mua-hang-cua-nguoi-tieu-dung/index.html,post-detail,collection,posts;postCategories;authors;media,typed local mock via async queries,entity slug with reserved-path validation
/thay-doi-duong-dan-wp-admin-trong-wordpress/,thay-doi-duong-dan-wp-admin-trong-wordpress/index.html,post-detail,collection,posts;postCategories;authors;media,typed local mock via async queries,entity slug with reserved-path validation
/thiet-ke-app-mobile/,thiet-ke-app-mobile/index.html,mobile,structured-page,services;pricing;faq;projects;testimonials;media,typed local mock via async queries,stable predefined URL
/thiet-ke-website/,thiet-ke-website/index.html,website,structured-page,services;pricing;faq;projects;testimonials;media,typed local mock via async queries,stable predefined URL
/thiet-ke-website-ban-hang-nhung-mai-ma-khong-co-don-hang-nao/,thiet-ke-website-ban-hang-nhung-mai-ma-khong-co-don-hang-nao/index.html,post-detail,collection,posts;postCategories;authors;media,typed local mock via async queries,entity slug with reserved-path validation
/thoi-dai-website-gia-re-lieu-da-het/,thoi-dai-website-gia-re-lieu-da-het/index.html,post-detail,collection,posts;postCategories;authors;media,typed local mock via async queries,entity slug with reserved-path validation
/thong-tin-smtp-gmail-cach-cau-hinh-smtp-gmail-free-vao-wordpress/,thong-tin-smtp-gmail-cach-cau-hinh-smtp-gmail-free-vao-wordpress/index.html,post-detail,collection,posts;postCategories;authors;media,typed local mock via async queries,entity slug with reserved-path validation
/thu-thuat/,thu-thuat/index.html,blog,derived-listing,posts;postCategories;listingSettings,typed local mock via async queries,existing listing/category/page URLs
/thu-thuat/page/2/,thu-thuat/page/2/index.html,blog,derived-listing,posts;postCategories;listingSettings,typed local mock via async queries,existing listing/category/page URLs
/thue-thiet-ke-website-can-luu-y-gi-9-yeu-to-quan-trong-can-nho/,thue-thiet-ke-website-can-luu-y-gi-9-yeu-to-quan-trong-can-nho/index.html,post-detail,collection,posts;postCategories;authors;media,typed local mock via async queries,entity slug with reserved-path validation
/tich-hop-zalo-chat-cho-website-wordpress-don-gian-nhat/,tich-hop-zalo-chat-cho-website-wordpress-don-gian-nhat/index.html,post-detail,collection,posts;postCategories;authors;media,typed local mock via async queries,entity slug with reserved-path validation
/tin-tuc/,tin-tuc/index.html,blog,derived-listing,posts;postCategories;listingSettings,typed local mock via async queries,existing listing/category/page URLs
/tong-hop-cac-loi-thuong-gap-khi-thiet-ke-web-co-ban/,tong-hop-cac-loi-thuong-gap-khi-thiet-ke-web-co-ban/index.html,post-detail,collection,posts;postCategories;authors;media,typed local mock via async queries,entity slug with reserved-path validation
/tuyen-dung/chuyen-vien-kinh-doanh/,tuyen-dung/chuyen-vien-kinh-doanh/index.html,EXCLUDED,excluded,,none,excluded
/tuyen-dung/chuyen-vien-lap-trinh-php/,tuyen-dung/chuyen-vien-lap-trinh-php/index.html,EXCLUDED,excluded,,none,excluded
/tuyen-dung/chuyen-vien-quang-cao-marketing/,tuyen-dung/chuyen-vien-quang-cao-marketing/index.html,EXCLUDED,excluded,,none,excluded
/tuyen-dung/,tuyen-dung/index.html,EXCLUDED,excluded,,none,excluded
/tuyen-dung/nhan-vien-quay-dung-video-editor/,tuyen-dung/nhan-vien-quay-dung-video-editor/index.html,EXCLUDED,excluded,,none,excluded
/tuyen-dung/thuc-tap-sinh-content-marketing/,tuyen-dung/thuc-tap-sinh-content-marketing/index.html,EXCLUDED,excluded,,none,excluded
/tuyen-dung/thuc-tap-sinh-lap-trinh-php/,tuyen-dung/thuc-tap-sinh-lap-trinh-php/index.html,EXCLUDED,excluded,,none,excluded
/ui-ux-branding-design/,ui-ux-branding-design/index.html,branding,structured-page,services;pricing;faq;projects;testimonials;media,typed local mock via async queries,stable predefined URL
/ux-ui/,ux-ui/index.html,blog,derived-listing,posts;postCategories;listingSettings,typed local mock via async queries,existing listing/category/page URLs
/vps-doanh-nghiep/,vps-doanh-nghiep/index.html,vps,structured-page,services;pricing;faq;projects;testimonials;media,typed local mock via async queries,stable predefined URL
/website-dong-va-tinh-la-gi-phan-biet-su-khac-nhau-giua-2-khai-niem/,website-dong-va-tinh-la-gi-phan-biet-su-khac-nhau-giua-2-khai-niem/index.html,post-detail,collection,posts;postCategories;authors;media,typed local mock via async queries,entity slug with reserved-path validation
/yoast-seo-la-gi-huong-dan-thiet-lap-va-su-dung-yoast-seo/,yoast-seo-la-gi-huong-dan-thiet-lap-va-su-dung-yoast-seo/index.html,post-detail,collection,posts;postCategories;authors;media,typed local mock via async queries,entity slug with reserved-path validation
/login-eras/,login-eras/index__q_6b334f548d36.html,login,utility,,local UI state only,legacy utility URL; not an admin authentication implementation
